[
  {
    "model": "app.recipe",
    "pk": 166,
    "fields": {
      "name": "Tarte thon et tomate",
      "steps": "Pr\u00e9chauffer le four \u00e0 210\u00b0C (thermostat 7).;Etaler la p\u00e2te bris\u00e9e et la piquer avec une fourchette. ;Emietter le thon sur la p\u00e2te.;M\u00e9langer dans un gros bol : la cr\u00e8me, le concentr\u00e9 de tomate, l'oeuf et le sel; verser la pr\u00e9paration sur le thon.;Saupoudrer d'herbes de Provence, recouvrir de fromage r\u00e2p\u00e9, puis faire cuire 25 min (selon puissance du four).;"
    }
  },
  {
    "model": "app.recipe",
    "pk": 167,
    "fields": {
      "name": "Crumble de tomates",
      "steps": "Couper les tomates en rondelles assez fines;puis les disposer dans un plat. ;Arroser d'un peu d'huile et saler.;Passer \u00e0 four chaud (thermostat 7/210\u00b0C) pendant 30 min.;Pendant ce temps, faire revenir sans coloration les oignons \u00e9minc\u00e9s finement.;Laisser refroidir quelques minutes, ajouter la chapelure, le parmesan et 2 bonnes cuill\u00e8res \u00e0 soupe d'huile.;Disposer ce m\u00e9lange sur les tomates. ;Remettre au four pour 20 min (thermostat 6).;D\u00e9guster.;"
    }
  },
  {
    "model": "app.recipe",
    "pk": 168,
    "fields": {
      "name": "Tarte thon, tomate et moutarde",
      "steps": "Etaler la p\u00e2te feuillet\u00e9e sur un moule \u00e0 quiche, piquer le fond de la p\u00e2te, puis recouvrir le fond avec la moutarde.;Emietter le thon et le r\u00e9partir sur le fond de la p\u00e2te. ;Laver les tomates et les essuyer, puis les couper en rondelles moyennes, et les disposer sur le thon.;Battre les oeufs en omelette, ajouter la cr\u00e8me fra\u00eeche plus le lait. ;Saler et poivrer.;Ajouter ce m\u00e9lange sur la p\u00e2te, thon, tomate.;Mettre au four (pr\u00e9-chauff\u00e9 \u00e0 200\u00b0C/th 6-7), et cuire environ 40 min (jusqu'\u00e0 ce que la tarte soit dor\u00e9e sans \u00eatre trop brunie!).;"
    }
  },
  {
    "model": "app.recipe",
    "pk": 169,
    "fields": {
      "name": "Tian de Courgettes et de Tomates",
      "steps": "Emincer les oignons. Les mettre \u00e0 cuire doucement (env. 20 min.) dans un wok ou une po\u00eale avec 2 cuil. \u00e0 soupe d'huile d'olive, du sel et du poivre, 1 c \u00e0 soupe de sucre.;Vous obtenez une fondue d'oignon que vous \u00e9talez au fond d'un plat \u00e0 gratin.;Coupez en rondelles de 3 \u00e0 4 mn les tomates lav\u00e9es et les courgettes lav\u00e9es et \u00e9pluch\u00e9es.;Les disposer en rang\u00e9e serr\u00e9es dans le plat en alternant une rang\u00e9e de courgettes et une de tomates (comme les \u00e9cailles d'un poisson !!!);Salez et poivrez, un filet d'huile d'olive et du thym par dessus  et enfournez \u00e0 four chaud (thermostat 7/210\u00b0C) pendant 1 heure.;Appuyer sur les l\u00e9gumes de temps en temps au cours de la cuisson pour que le dessus ne d\u00e9ss\u00e8che pas.;A savourer chaud ou froid.;"
    }
  },
  {
    "model": "app.recipe",
    "pk": 170,
    "fields": {
      "name": "salade de riz noir aux crevettes et aux tomates",
      "steps": "Faire d\u00e9congeler les crevettes en les mettant \u00e0 tremper 1 heure dans de l\u2019eau.;Cuire le riz dans un grand volume d\u2019eau bouillante sal\u00e9e environ 40 minutes.;M\u00e9langer le concentr\u00e9 de tomate, le sucre, le vinaigre et l\u2019huile et assaisonner de sel et de poivre.;Couper les tomates en rondelles et les assaisonner de sel et poivre.;Dresser sur assiette les tomates puis recouvrir de riz ti\u00e8de, ajouter les crevettes et la sauce aigre douce.;D\u00e9corer avec les radis roses et les petits pois.;"
    }
  },
  {
    "model": "app.recipe",
    "pk": 171,
    "fields": {
      "name": "Tarte aux aubergines, tomates et parmesan",
      "steps": "La p\u00e2te : m\u00e9langer rapidement avec la paume de la main la farine, le sel et l'huile avec le beurre ramolli en pommade.\nAjouter un trait d'eau, pour lier et rassembler la p\u00e2te en boule (si elle est trop collante, rectifier en ajoutant de la farine), et laisser reposer 1 h si possible.;Garniture : \u00e9taler la p\u00e2te dans un plat farin\u00e9, saupoudrer le fond de tarte de parmesan r\u00e2p\u00e9, puis \u00e9taler la moiti\u00e9 des aubergines (m\u00eame sorties du cong\u00e9lateur \u00e0 l'instant!). ;Parsemer de la moiti\u00e9 des tomates et de mozzarella, saler, poivrer, et r\u00e9p\u00e9ter une fois l'op\u00e9ration. ;Terminer avec un filet d'huile sur l'ensemble, puis du parmesan.;Enfourner pendant 20 min \u00e0 thermostat 6/7 (200\u00b0C), et servir ti\u00e8de ou froide.;"
    }
  },
  {
    "model": "app.recipe",
    "pk": 172,
    "fields": {
      "name": "Tarte \u00e0 la tomate et \u00e0 la moutarde",
      "steps": "Pr\u00e9cuire la p\u00e2te (perc\u00e9e avec une fourchette) 5 min \u00e0 450 degr\u00e9s farenheit (230\u00b0C). ;Pendant ce temps, couper les tomates en rondelles de 3 mm d'\u00e9paisseur. ;Sortir la p\u00e2te pr\u00e9cuite du four. badigeonner le fond de moutarde de Dijon (la classique fait l'affaire) ...en mettre suffisamment pour que le fond en p\u00e2te ne se voit plus. ;Disposer les tranches de tomates. faire plusieurs \u00e9paisseurs. ;saupoudrer d'herbes de Provence + 2 pinc\u00e9es de sel. ;1 cuill\u00e8re \u00e0 soupe d'huile d'olive. ;Enfourner pour 20 min \u00e0 450 farenheit puis couvrir avec papier d'aluminium pour 20 min suppl\u00e9mentaires. Apr\u00e8s ces 20 min, enlever le papier aluminium et laisser cuire encore 5 min porte du four ouverte. \nD\u00e9licieux avec une salade verte.;"
    }
  },
  {
    "model": "app.recipe",
    "pk": 173,
    "fields": {
      "name": "Tarte \u00e0 la tomate rapide",
      "steps": "Disposer la p\u00e2te dans un moule \u00e0 tarte. ;Etaler la moutarde en couche fine sur toute la surface de la p\u00e2te.;Ajouter les tranches de raclette afin que cela tapisse entierement le moule.;Plonger les tomates dans l'eau bouillante pendant moins d'1 minute dans l'eau afin de retirer la peau plus facilement puis les couper en rondelles tr\u00e8s fines. Les disposer dans le plat.;Ajouter les herbes de Provence.;Cuire \u00e0 four chaud (170\u00b0C) pendant 30 minutes environ.;"
    }
  },
  {
    "model": "app.recipe",
    "pk": 174,
    "fields": {
      "name": "Tomates farcies facile",
      "steps": "Eplucher et hacher les oignons. Eplucher et hacher les gousses d'ail.;Mettre la moiti\u00e9 des oignons dans la chair \u00e0 saucisse. Ajouter l'ail, le sel, le poivre et un peu de persil.;Couper le haut des tomates et les \u00e9vider. Poivrer et saler l'int\u00e9rieur. Mettre la farce \u00e0 l'int\u00e9rieur et remettre les chapeaux.;Mettre le reste des oignons dans un plat avec la chair des tomates.;Mettre les tomates farcies dans le plat. Parsemez d'un peu de thym et mette une noisette de beurre sur chaque tomates. Faire cuire au four chaud \u00e0 180\u00b0C (thermostat 6) pendant 1 heure environ.;Servir avec du riz.;"
    }
  },
  {
    "model": "app.recipe",
    "pk": 175,
    "fields": {
      "name": "p\u00e2tes au thon \u00e0 la perfection",
      "steps": "Faire cuire les p\u00e2tes selon la \u201cr\u00e8gle 1007\u201d, \u00e0 savoir, 1l d\u2019eau (sans ajouter de mati\u00e8re grasse dans l\u2019eau, sinon la sauce \u201cn\u2019accrochera\u201d pas aux p\u00e2tes) pour 100 g de p\u00e2te et 7 g de sel. ;\u00c9plucher et \u00e9mincer finement l\u2019oignon. \n\u00c9goutter et \u00e9mietter le thon. ;Dans une po\u00eale, faire revenir l\u2019oignon avec un filet d\u2019huile d\u2019olive. Ajouter le thon, le concentr\u00e9 de tomates et la cr\u00e8me. Saler, poivrer et bien m\u00e9langer. ;\u00c9goutter les p\u00e2tes et les ajouter dans la po\u00eale. M\u00e9langer d\u00e9licatement. \nAjouter le fromage r\u00e2p\u00e9 et laisser fondre.;"
    }
  },
  {
    "model": "app.recipe",
    "pk": 176,
    "fields": {
      "name": "Paupiettes de veau aux oignons et tomates",
      "steps": "Dans un premier temps, \u00e9plucher l'oignon et le couper en petits morceaux. Faire de m\u00eame avec la gousse d'ail.;Pendant ce temps, faire dorer vos paupiettes dans une sauteuse avec de l'huile d'olive. Assaisonner (sel, poivre).;Une fois que les paupiettes sont dor\u00e9es, retirer les de la sauteuse et faire suer les oignons dans la sauteuse (rajouter un peu d'huile si n\u00e9cessaire).;Lorsque les oignons et l'ail sont bien color\u00e9s, rajouter les tomates et les champignons. ;Assaisonner de nouveau (sel, poivre, herbes de Provence, basilic). Laisser cuire 2 minutes et rajouter les paupiettes par la suite.;Arroser le tout de vin blanc (4 a 5 cuill\u00e8res \u00e0 soupe). Rajouter quelques olives noires et laisser mijoter \u00e0 feux doux pendant 20 \u00e0 30 mn.;Servir le plat avec des haricots verts ou du riz.;"
    }
  },
  {
    "model": "app.recipe",
    "pk": 177,
    "fields": {
      "name": "Tarte tatin aux tomates",
      "steps": "Pr\u00e9parer la p\u00e2te bris\u00e9e, en m\u00e9langeant la farine et le beurre ramolli du bout des doigts avec le sel. Ajouter peu \u00e0 peu l'eau jusqu'\u00e0 obtention d'une boule de p\u00e2te ferme; placer 20 min au r\u00e9frig\u00e9rateur. \nOu prener une p\u00e2te toute faite !;Pendant ce temps, couper les tomates en deux, bien les r\u00e9partir dans le moule avec la peau contre le fond. Ne pas h\u00e9siter \u00e0 serrer les tomates car avec la cuisson, elles vont se ratatiner! ;Assaisonner de sel et de poivre et d'un filet d'huile d'olive, et enfourner jusqu'\u00e0 ce qu'elles aient rendu du jus (1/2 h environ). ;Jeter le jus, puis couvrir de gruy\u00e8re r\u00e2p\u00e9. ;Etaler la p\u00e2te et la badigeonner de moutarde. D\u00e9couper un petit cercle au centre de la taille d'une noisette. ;Recouvrir les tomates de ce disque de p\u00e2te bris\u00e9e, moutarde contre gruy\u00e8re puis enfourner 30 min. ;Quand la p\u00e2te est cuite, proc\u00e9der d\u00e9licatement au d\u00e9moulage. ;Parsemer sur votre tarte tatin du basilic cisel\u00e9, et servir aussit\u00f4t. ;"
    }
  },
  {
    "model": "app.recipe",
    "pk": 178,
    "fields": {
      "name": "Tomates \u00e0 la proven\u00e7ale",
      "steps": "Coupez les tomates en deux, salez-les et retournez-les sur une assiette pour les laisser d\u00e9gorger environ 15 minutes.;Mixez le persil, l'ail, les herbes de Provence et la chapelure finement.;Prenez un grande po\u00eale ou 2 moyennes. Faites-y chauffer un peu d'huile, d\u00e9posez les tomates face bomb\u00e9e au-dessus, et saisissez-les 2 min \u00e0 feu vif. Retournez-les, salez, poivrez et faites-les glissez sur un plat \u00e0 four.;Recouvrez-les du m\u00e9lange persil, ail et chapelure. Arrosez d'un filet d'huile.;Enfournez dans le four \u00e0 220\u00b0C (thermostat 7-8) pendant 20 minutes.;"
    }
  },
  {
    "model": "app.recipe",
    "pk": 179,
    "fields": {
      "name": "Tomates farcies au ch\u00e8vre chaud",
      "steps": "Faire revenir les lardons et les champignons dans une po\u00eale. Couper le dessus des tomates et les vider.;Couper le fromage de ch\u00e8vre en petits morceaux. M\u00e9langer les champignons, les lardons et le fromage de ch\u00e8vre, remplir les tomates avec cette mixture. Ajouter des herbes de provence.;Remettre \u00e0 leur place le dessus des tomates et mettre au four (210\u00b0C/thermostat 7) pendant 35 minutes.;"
    }
  },
  {
    "model": "app.recipe",
    "pk": 180,
    "fields": {
      "name": "sandwich cabillaud, avocats, tomates",
      "steps": "D\u00e9congeler les dos de cabillaud comme indiqu\u00e9 sur l\u2019emballage puis les \u00e9goutter.;\u00c9plucher et couper l\u2019avocat en petits cubes, assaisonner avec le sel et le poivre, ajouter le jus d\u2019un citron.;Couper les tomates fra\u00eeches en tranches.;Po\u00ealer les dos de cabillaud \u00e0 feu vif pendant 5 \u00e0 6 minutes avec un peu d\u2019huile d\u2019olive, puis assaisonner.;Dresser sur de belles tranches de pain de campagne toast\u00e9es puis ajouter l\u2019avocat, les tomates et le cabillaud. Enfin, d\u00e9corer avec le cerfeuil et servir avec une salade de m\u00e2che.;"
    }
  },
  {
    "model": "app.ingredient",
    "pk": 490,
    "fields": {
      "name": " p\u00e2te bris\u00e9e"
    }
  },
  {
    "model": "app.ingredient",
    "pk": 491,
    "fields": {
      "name": "cl de cr\u00e8me \u00e9paisse"
    }
  },
  {
    "model": "app.ingredient",
    "pk": 492,
    "fields": {
      "name": "petite bo\u00eete de concentr\u00e9 de tomates"
    }
  },
  {
    "model": "app.ingredient",
    "pk": 493,
    "fields": {
      "name": "g de thon"
    }
  },
  {
    "model": "app.ingredient",
    "pk": 494,
    "fields": {
      "name": "Sel"
    }
  },
  {
    "model": "app.ingredient",
    "pk": 495,
    "fields": {
      "name": "Herbes de Provence"
    }
  },
  {
    "model": "app.ingredient",
    "pk": 496,
    "fields": {
      "name": " fromage r\u00e2p\u00e9"
    }
  },
  {
    "model": "app.ingredient",
    "pk": 497,
    "fields": {
      "name": " oeuf"
    }
  },
  {
    "model": "app.ingredient",
    "pk": 498,
    "fields": {
      "name": " tomates"
    }
  },
  {
    "model": "app.ingredient",
    "pk": 499,
    "fields": {
      "name": " oignon"
    }
  },
  {
    "model": "app.ingredient",
    "pk": 500,
    "fields": {
      "name": "cuill\u00e8res \u00e0 soupe de huile d'olive"
    }
  },
  {
    "model": "app.ingredient",
    "pk": 501,
    "fields": {
      "name": "cuill\u00e8res \u00e0 soupe de chapelure"
    }
  },
  {
    "model": "app.ingredient",
    "pk": 502,
    "fields": {
      "name": "cuill\u00e8res \u00e0 soupe de parmesan"
    }
  },
  {
    "model": "app.ingredient",
    "pk": 503,
    "fields": {
      "name": " p\u00e2te feuillet\u00e9e"
    }
  },
  {
    "model": "app.ingredient",
    "pk": 504,
    "fields": {
      "name": "bo\u00eetes de thon"
    }
  },
  {
    "model": "app.ingredient",
    "pk": 505,
    "fields": {
      "name": "cuill\u00e8res \u00e0 soupe de moutarde"
    }
  },
  {
    "model": "app.ingredient",
    "pk": 506,
    "fields": {
      "name": " oeufs"
    }
  },
  {
    "model": "app.ingredient",
    "pk": 507,
    "fields": {
      "name": "cl de cr\u00e8me fra\u00eeche"
    }
  },
  {
    "model": "app.ingredient",
    "pk": 508,
    "fields": {
      "name": "cuill\u00e8res \u00e0 soupe de lait"
    }
  },
  {
    "model": "app.ingredient",
    "pk": 509,
    "fields": {
      "name": "pinc\u00e9e de sel"
    }
  },
  {
    "model": "app.ingredient",
    "pk": 510,
    "fields": {
      "name": "pinc\u00e9es de poivre"
    }
  },
  {
    "model": "app.ingredient",
    "pk": 511,
    "fields": {
      "name": "kg de courgette"
    }
  },
  {
    "model": "app.ingredient",
    "pk": 512,
    "fields": {
      "name": "kg de tomate"
    }
  },
  {
    "model": "app.ingredient",
    "pk": 513,
    "fields": {
      "name": " oignons"
    }
  },
  {
    "model": "app.ingredient",
    "pk": 514,
    "fields": {
      "name": "Poivre"
    }
  },
  {
    "model": "app.ingredient",
    "pk": 515,
    "fields": {
      "name": "Huile d'olive"
    }
  },
  {
    "model": "app.ingredient",
    "pk": 516,
    "fields": {
      "name": "Sucre"
    }
  },
  {
    "model": "app.ingredient",
    "pk": 517,
    "fields": {
      "name": "Thym"
    }
  },
  {
    "model": "app.ingredient",
    "pk": 518,
    "fields": {
      "name": " crevettes d\u2019Equateur cuites ESCAL"
    }
  },
  {
    "model": "app.ingredient",
    "pk": 519,
    "fields": {
      "name": " tomates vertes"
    }
  },
  {
    "model": "app.ingredient",
    "pk": 520,
    "fields": {
      "name": " radis"
    }
  },
  {
    "model": "app.ingredient",
    "pk": 521,
    "fields": {
      "name": "Petit pois"
    }
  },
  {
    "model": "app.ingredient",
    "pk": 522,
    "fields": {
      "name": "cuill\u00e8re \u00e0 soupe de concentr\u00e9 de tomates"
    }
  },
  {
    "model": "app.ingredient",
    "pk": 523,
    "fields": {
      "name": "g de sucre"
    }
  },
  {
    "model": "app.ingredient",
    "pk": 524,
    "fields": {
      "name": "cl de vinaigre"
    }
  },
  {
    "model": "app.ingredient",
    "pk": 525,
    "fields": {
      "name": "cl de huile de tournesol"
    }
  },
  {
    "model": "app.ingredient",
    "pk": 526,
    "fields": {
      "name": "g de farine"
    }
  },
  {
    "model": "app.ingredient",
    "pk": 527,
    "fields": {
      "name": "g de beurre"
    }
  },
  {
    "model": "app.ingredient",
    "pk": 528,
    "fields": {
      "name": " fond"
    }
  },
  {
    "model": "app.ingredient",
    "pk": 529,
    "fields": {
      "name": "trait de huile d'olive"
    }
  },
  {
    "model": "app.ingredient",
    "pk": 530,
    "fields": {
      "name": "g d'aubergine"
    }
  },
  {
    "model": "app.ingredient",
    "pk": 531,
    "fields": {
      "name": "boule de mozzarella"
    }
  },
  {
    "model": "app.ingredient",
    "pk": 532,
    "fields": {
      "name": "Parmesan r\u00e2p\u00e9"
    }
  },
  {
    "model": "app.ingredient",
    "pk": 533,
    "fields": {
      "name": "Moutarde de dijon"
    }
  },
  {
    "model": "app.ingredient",
    "pk": 534,
    "fields": {
      "name": "tranches de fromage \u00e0 raclette"
    }
  },
  {
    "model": "app.ingredient",
    "pk": 535,
    "fields": {
      "name": "Moutarde"
    }
  },
  {
    "model": "app.ingredient",
    "pk": 536,
    "fields": {
      "name": "g de chair \u00e0 saucisse"
    }
  },
  {
    "model": "app.ingredient",
    "pk": 537,
    "fields": {
      "name": "gousses d'ail"
    }
  },
  {
    "model": "app.ingredient",
    "pk": 538,
    "fields": {
      "name": "Persil"
    }
  },
  {
    "model": "app.ingredient",
    "pk": 539,
    "fields": {
      "name": "Beurre"
    }
  },
  {
    "model": "app.ingredient",
    "pk": 540,
    "fields": {
      "name": "g de penne"
    }
  },
  {
    "model": "app.ingredient",
    "pk": 541,
    "fields": {
      "name": "bo\u00eete de thon"
    }
  },
  {
    "model": "app.ingredient",
    "pk": 542,
    "fields": {
      "name": "bo\u00eete de concentr\u00e9 de tomates"
    }
  },
  {
    "model": "app.ingredient",
    "pk": 543,
    "fields": {
      "name": "cl de cr\u00e8me liquide"
    }
  },
  {
    "model": "app.ingredient",
    "pk": 544,
    "fields": {
      "name": "poign\u00e9e de fromage r\u00e2p\u00e9"
    }
  },
  {
    "model": "app.ingredient",
    "pk": 545,
    "fields": {
      "name": " paupiettes de veau"
    }
  },
  {
    "model": "app.ingredient",
    "pk": 546,
    "fields": {
      "name": " oignon jaune"
    }
  },
  {
    "model": "app.ingredient",
    "pk": 547,
    "fields": {
      "name": "gousse d'ail"
    }
  },
  {
    "model": "app.ingredient",
    "pk": 548,
    "fields": {
      "name": "Vin blanc"
    }
  },
  {
    "model": "app.ingredient",
    "pk": 549,
    "fields": {
      "name": "Olives noires"
    }
  },
  {
    "model": "app.ingredient",
    "pk": 550,
    "fields": {
      "name": "petite bo\u00eete de champignon de Paris"
    }
  },
  {
    "model": "app.ingredient",
    "pk": 551,
    "fields": {
      "name": "Basilic"
    }
  },
  {
    "model": "app.ingredient",
    "pk": 552,
    "fields": {
      "name": "Eau"
    }
  },
  {
    "model": "app.ingredient",
    "pk": 553,
    "fields": {
      "name": "Moutarde \u00e0 l'ancienne"
    }
  },
  {
    "model": "app.ingredient",
    "pk": 554,
    "fields": {
      "name": "Basilic frais"
    }
  },
  {
    "model": "app.ingredient",
    "pk": 555,
    "fields": {
      "name": "Gruy\u00e8re r\u00e2p\u00e9"
    }
  },
  {
    "model": "app.ingredient",
    "pk": 556,
    "fields": {
      "name": "tasse de persil"
    }
  },
  {
    "model": "app.ingredient",
    "pk": 557,
    "fields": {
      "name": "g de chapelure"
    }
  },
  {
    "model": "app.ingredient",
    "pk": 558,
    "fields": {
      "name": "cuill\u00e8res \u00e0 soupe de herbes de Provence"
    }
  },
  {
    "model": "app.ingredient",
    "pk": 559,
    "fields": {
      "name": "Huile"
    }
  },
  {
    "model": "app.ingredient",
    "pk": 560,
    "fields": {
      "name": "b\u00fbchette de fromage de ch\u00e8vre"
    }
  },
  {
    "model": "app.ingredient",
    "pk": 561,
    "fields": {
      "name": "g de lardons fum\u00e9s"
    }
  },
  {
    "model": "app.ingredient",
    "pk": 562,
    "fields": {
      "name": "g de champignon de Paris"
    }
  },
  {
    "model": "app.ingredient",
    "pk": 563,
    "fields": {
      "name": " dos de Cabillaud ESCAL"
    }
  },
  {
    "model": "app.ingredient",
    "pk": 564,
    "fields": {
      "name": " avocat"
    }
  },
  {
    "model": "app.ingredient",
    "pk": 565,
    "fields": {
      "name": " jus de citron"
    }
  },
  {
    "model": "app.ingredient",
    "pk": 566,
    "fields": {
      "name": "g de tomate"
    }
  },
  {
    "model": "app.ingredient",
    "pk": 567,
    "fields": {
      "name": "botte de cerfeuil"
    }
  },
  {
    "model": "app.ingredient",
    "pk": 568,
    "fields": {
      "name": "Pain de campagne"
    }
  },
  {
    "model": "app.ingredientrecipe",
    "pk": 1386,
    "fields": {
      "ingredient": 490,
      "recipe": 166,
      "quantity": 0.167
    }
  },
  {
    "model": "app.ingredientrecipe",
    "pk": 1387,
    "fields": {
      "ingredient": 491,
      "recipe": 166,
      "quantity": 3.333
    }
  },
  {
    "model": "app.ingredientrecipe",
    "pk": 1388,
    "fields": {
      "ingredient": 492,
      "recipe": 166,
      "quantity": 0.167
    }
  },
  {
    "model": "app.ingredientrecipe",
    "pk": 1389,
    "fields": {
      "ingredient": 493,
      "recipe": 166,
      "quantity": 25.0
    }
  },
  {
    "model": "app.ingredientrecipe",
    "pk": 1390,
    "fields": {
      "ingredient": 494,
      "recipe": 166,
      "quantity": null
    }
  },
  {
    "model": "app.ingredientrecipe",
    "pk": 1391,
    "fields": {
      "ingredient": 495,
      "recipe": 166,
      "quantity": null
    }
  },
  {
    "model": "app.ingredientrecipe",
    "pk": 1392,
    "fields": {
      "ingredient": 496,
      "recipe": 166,
      "quantity": 8.333
    }
  },
  {
    "model": "app.ingredientrecipe",
    "pk": 1393,
    "fields": {
      "ingredient": 497,
      "recipe": 166,
      "quantity": 0.167
    }
  },
  {
    "model": "app.ingredientrecipe",
    "pk": 1394,
    "fields": {
      "ingredient": 498,
      "recipe": 167,
      "quantity": 1.5
    }
  },
  {
    "model": "app.ingredientrecipe",
    "pk": 1395,
    "fields": {
      "ingredient": 499,
      "recipe": 167,
      "quantity": 0.25
    }
  },
  {
    "model": "app.ingredientrecipe",
    "pk": 1396,
    "fields": {
      "ingredient": 500,
      "recipe": 167,
      "quantity": 1.0
    }
  },
  {
    "model": "app.ingredientrecipe",
    "pk": 1397,
    "fields": {
      "ingredient": 501,
      "recipe": 167,
      "quantity": 1.5
    }
  },
  {
    "model": "app.ingredientrecipe",
    "pk": 1398,
    "fields": {
      "ingredient": 502,
      "recipe": 167,
      "quantity": 1.0
    }
  },
  {
    "model": "app.ingredientrecipe",
    "pk": 1399,
    "fields": {
      "ingredient": 503,
      "recipe": 168,
      "quantity": 0.25
    }
  },
  {
    "model": "app.ingredientrecipe",
    "pk": 1400,
    "fields": {
      "ingredient": 504,
      "recipe": 168,
      "quantity": 0.5
    }
  },
  {
    "model": "app.ingredientrecipe",
    "pk": 1401,
    "fields": {
      "ingredient": 498,
      "recipe": 168,
      "quantity": 0.5
    }
  },
  {
    "model": "app.ingredientrecipe",
    "pk": 1402,
    "fields": {
      "ingredient": 505,
      "recipe": 168,
      "quantity": 0.75
    }
  },
  {
    "model": "app.ingredientrecipe",
    "pk": 1403,
    "fields": {
      "ingredient": 506,
      "recipe": 168,
      "quantity": 0.5
    }
  },
  {
    "model": "app.ingredientrecipe",
    "pk": 1404,
    "fields": {
      "ingredient": 507,
      "recipe": 168,
      "quantity": 5.0
    }
  },
  {
    "model": "app.ingredientrecipe",
    "pk": 1405,
    "fields": {
      "ingredient": 508,
      "recipe": 168,
      "quantity": 0.75
    }
  },
  {
    "model": "app.ingredientrecipe",
    "pk": 1406,
    "fields": {
      "ingredient": 509,
      "recipe": 168,
      "quantity": 0.25
    }
  },
  {
    "model": "app.ingredientrecipe",
    "pk": 1407,
    "fields": {
      "ingredient": 510,
      "recipe": 168,
      "quantity": 0.5
    }
  },
  {
    "model": "app.ingredientrecipe",
    "pk": 1408,
    "fields": {
      "ingredient": 511,
      "recipe": 169,
      "quantity": 0.25
    }
  },
  {
    "model": "app.ingredientrecipe",
    "pk": 1409,
    "fields": {
      "ingredient": 512,
      "recipe": 169,
      "quantity": 0.25
    }
  },
  {
    "model": "app.ingredientrecipe",
    "pk": 1410,
    "fields": {
      "ingredient": 513,
      "recipe": 169,
      "quantity": 0.75
    }
  },
  {
    "model": "app.ingredientrecipe",
    "pk": 1411,
    "fields": {
      "ingredient": 514,
      "recipe": 169,
      "quantity": null
    }
  },
  {
    "model": "app.ingredientrecipe",
    "pk": 1412,
    "fields": {
      "ingredient": 494,
      "recipe": 169,
      "quantity": null
    }
  },
  {
    "model": "app.ingredientrecipe",
    "pk": 1413,
    "fields": {
      "ingredient": 515,
      "recipe": 169,
      "quantity": null
    }
  },
  {
    "model": "app.ingredientrecipe",
    "pk": 1414,
    "fields": {
      "ingredient": 516,
      "recipe": 169,
      "quantity": null
    }
  },
  {
    "model": "app.ingredientrecipe",
    "pk": 1415,
    "fields": {
      "ingredient": 517,
      "recipe": 169,
      "quantity": null
    }
  },
  {
    "model": "app.ingredientrecipe",
    "pk": 1416,
    "fields": {
      "ingredient": 518,
      "recipe": 170,
      "quantity": 10.0
    }
  },
  {
    "model": "app.ingredientrecipe",
    "pk": 1417,
    "fields": {
      "ingredient": 498,
      "recipe": 170,
      "quantity": 1.0
    }
  },
  {
    "model": "app.ingredientrecipe",
    "pk": 1418,
    "fields": {
      "ingredient": 519,
      "recipe": 170,
      "quantity": 1.0
    }
  },
  {
    "model": "app.ingredientrecipe",
    "pk": 1419,
    "fields": {
      "ingredient": 520,
      "recipe": 170,
      "quantity": 3.0
    }
  },
  {
    "model": "app.ingredientrecipe",
    "pk": 1420,
    "fields": {
      "ingredient": 521,
      "recipe": 170,
      "quantity": null
    }
  },
  {
    "model": "app.ingredientrecipe",
    "pk": 1421,
    "fields": {
      "ingredient": 522,
      "recipe": 170,
      "quantity": 0.5
    }
  },
  {
    "model": "app.ingredientrecipe",
    "pk": 1422,
    "fields": {
      "ingredient": 523,
      "recipe": 170,
      "quantity": 5.0
    }
  },
  {
    "model": "app.ingredientrecipe",
    "pk": 1423,
    "fields": {
      "ingredient": 524,
      "recipe": 170,
      "quantity": 7.5
    }
  },
  {
    "model": "app.ingredientrecipe",
    "pk": 1424,
    "fields": {
      "ingredient": 525,
      "recipe": 170,
      "quantity": 5.0
    }
  },
  {
    "model": "app.ingredientrecipe",
    "pk": 1425,
    "fields": {
      "ingredient": 494,
      "recipe": 170,
      "quantity": null
    }
  },
  {
    "model": "app.ingredientrecipe",
    "pk": 1426,
    "fields": {
      "ingredient": 514,
      "recipe": 170,
      "quantity": null
    }
  },
  {
    "model": "app.ingredientrecipe",
    "pk": 1427,
    "fields": {
      "ingredient": 526,
      "recipe": 171,
      "quantity": 25.0
    }
  },
  {
    "model": "app.ingredientrecipe",
    "pk": 1428,
    "fields": {
      "ingredient": 527,
      "recipe": 171,
      "quantity": 12.5
    }
  },
  {
    "model": "app.ingredientrecipe",
    "pk": 1429,
    "fields": {
      "ingredient": 528,
      "recipe": 171,
      "quantity": 0.167
    }
  },
  {
    "model": "app.ingredientrecipe",
    "pk": 1430,
    "fields": {
      "ingredient": 529,
      "recipe": 171,
      "quantity": 0.167
    }
  },
  {
    "model": "app.ingredientrecipe",
    "pk": 1431,
    "fields": {
      "ingredient": 530,
      "recipe": 171,
      "quantity": 50.0
    }
  },
  {
    "model": "app.ingredientrecipe",
    "pk": 1432,
    "fields": {
      "ingredient": 498,
      "recipe": 171,
      "quantity": 0.5
    }
  },
  {
    "model": "app.ingredientrecipe",
    "pk": 1433,
    "fields": {
      "ingredient": 531,
      "recipe": 171,
      "quantity": 0.167
    }
  },
  {
    "model": "app.ingredientrecipe",
    "pk": 1434,
    "fields": {
      "ingredient": 532,
      "recipe": 171,
      "quantity": null
    }
  },
  {
    "model": "app.ingredientrecipe",
    "pk": 1435,
    "fields": {
      "ingredient": 515,
      "recipe": 171,
      "quantity": null
    }
  },
  {
    "model": "app.ingredientrecipe",
    "pk": 1436,
    "fields": {
      "ingredient": 490,
      "recipe": 172,
      "quantity": 0.167
    }
  },
  {
    "model": "app.ingredientrecipe",
    "pk": 1437,
    "fields": {
      "ingredient": 498,
      "recipe": 172,
      "quantity": 0.667
    }
  },
  {
    "model": "app.ingredientrecipe",
    "pk": 1438,
    "fields": {
      "ingredient": 495,
      "recipe": 172,
      "quantity": null
    }
  },
  {
    "model": "app.ingredientrecipe",
    "pk": 1439,
    "fields": {
      "ingredient": 533,
      "recipe": 172,
      "quantity": null
    }
  },
  {
    "model": "app.ingredientrecipe",
    "pk": 1440,
    "fields": {
      "ingredient": 515,
      "recipe": 172,
      "quantity": null
    }
  },
  {
    "model": "app.ingredientrecipe",
    "pk": 1441,
    "fields": {
      "ingredient": 503,
      "recipe": 173,
      "quantity": 0.25
    }
  },
  {
    "model": "app.ingredientrecipe",
    "pk": 1442,
    "fields": {
      "ingredient": 534,
      "recipe": 173,
      "quantity": 2.0
    }
  },
  {
    "model": "app.ingredientrecipe",
    "pk": 1443,
    "fields": {
      "ingredient": 498,
      "recipe": 173,
      "quantity": 2.0
    }
  },
  {
    "model": "app.ingredientrecipe",
    "pk": 1444,
    "fields": {
      "ingredient": 535,
      "recipe": 173,
      "quantity": null
    }
  },
  {
    "model": "app.ingredientrecipe",
    "pk": 1445,
    "fields": {
      "ingredient": 495,
      "recipe": 173,
      "quantity": null
    }
  },
  {
    "model": "app.ingredientrecipe",
    "pk": 1446,
    "fields": {
      "ingredient": 536,
      "recipe": 174,
      "quantity": 125.0
    }
  },
  {
    "model": "app.ingredientrecipe",
    "pk": 1447,
    "fields": {
      "ingredient": 498,
      "recipe": 174,
      "quantity": 1.0
    }
  },
  {
    "model": "app.ingredientrecipe",
    "pk": 1448,
    "fields": {
      "ingredient": 513,
      "recipe": 174,
      "quantity": 0.75
    }
  },
  {
    "model": "app.ingredientrecipe",
    "pk": 1449,
    "fields": {
      "ingredient": 537,
      "recipe": 174,
      "quantity": 0.5
    }
  },
  {
    "model": "app.ingredientrecipe",
    "pk": 1450,
    "fields": {
      "ingredient": 517,
      "recipe": 174,
      "quantity": null
    }
  },
  {
    "model": "app.ingredientrecipe",
    "pk": 1451,
    "fields": {
      "ingredient": 538,
      "recipe": 174,
      "quantity": null
    }
  },
  {
    "model": "app.ingredientrecipe",
    "pk": 1452,
    "fields": {
      "ingredient": 539,
      "recipe": 174,
      "quantity": null
    }
  },
  {
    "model": "app.ingredientrecipe",
    "pk": 1453,
    "fields": {
      "ingredient": 514,
      "recipe": 174,
      "quantity": null
    }
  },
  {
    "model": "app.ingredientrecipe",
    "pk": 1454,
    "fields": {
      "ingredient": 494,
      "recipe": 174,
      "quantity": null
    }
  },
  {
    "model": "app.ingredientrecipe",
    "pk": 1455,
    "fields": {
      "ingredient": 540,
      "recipe": 175,
      "quantity": 200.0
    }
  },
  {
    "model": "app.ingredientrecipe",
    "pk": 1456,
    "fields": {
      "ingredient": 541,
      "recipe": 175,
      "quantity": 0.5
    }
  },
  {
    "model": "app.ingredientrecipe",
    "pk": 1457,
    "fields": {
      "ingredient": 499,
      "recipe": 175,
      "quantity": 0.5
    }
  },
  {
    "model": "app.ingredientrecipe",
    "pk": 1458,
    "fields": {
      "ingredient": 542,
      "recipe": 175,
      "quantity": 0.5
    }
  },
  {
    "model": "app.ingredientrecipe",
    "pk": 1459,
    "fields": {
      "ingredient": 543,
      "recipe": 175,
      "quantity": 7.5
    }
  },
  {
    "model": "app.ingredientrecipe",
    "pk": 1460,
    "fields": {
      "ingredient": 544,
      "recipe": 175,
      "quantity": 0.5
    }
  },
  {
    "model": "app.ingredientrecipe",
    "pk": 1461,
    "fields": {
      "ingredient": 515,
      "recipe": 175,
      "quantity": null
    }
  },
  {
    "model": "app.ingredientrecipe",
    "pk": 1462,
    "fields": {
      "ingredient": 494,
      "recipe": 175,
      "quantity": null
    }
  },
  {
    "model": "app.ingredientrecipe",
    "pk": 1463,
    "fields": {
      "ingredient": 514,
      "recipe": 175,
      "quantity": null
    }
  },
  {
    "model": "app.ingredientrecipe",
    "pk": 1464,
    "fields": {
      "ingredient": 545,
      "recipe": 176,
      "quantity": 1.0
    }
  },
  {
    "model": "app.ingredientrecipe",
    "pk": 1465,
    "fields": {
      "ingredient": 546,
      "recipe": 176,
      "quantity": 0.5
    }
  },
  {
    "model": "app.ingredientrecipe",
    "pk": 1466,
    "fields": {
      "ingredient": 547,
      "recipe": 176,
      "quantity": 0.5
    }
  },
  {
    "model": "app.ingredientrecipe",
    "pk": 1467,
    "fields": {
      "ingredient": 498,
      "recipe": 176,
      "quantity": 1.0
    }
  },
  {
    "model": "app.ingredientrecipe",
    "pk": 1468,
    "fields": {
      "ingredient": 515,
      "recipe": 176,
      "quantity": null
    }
  },
  {
    "model": "app.ingredientrecipe",
    "pk": 1469,
    "fields": {
      "ingredient": 548,
      "recipe": 176,
      "quantity": null
    }
  },
  {
    "model": "app.ingredientrecipe",
    "pk": 1470,
    "fields": {
      "ingredient": 549,
      "recipe": 176,
      "quantity": null
    }
  },
  {
    "model": "app.ingredientrecipe",
    "pk": 1471,
    "fields": {
      "ingredient": 550,
      "recipe": 176,
      "quantity": 0.5
    }
  },
  {
    "model": "app.ingredientrecipe",
    "pk": 1472,
    "fields": {
      "ingredient": 514,
      "recipe": 176,
      "quantity": null
    }
  },
  {
    "model": "app.ingredientrecipe",
    "pk": 1473,
    "fields": {
      "ingredient": 494,
      "recipe": 176,
      "quantity": null
    }
  },
  {
    "model": "app.ingredientrecipe",
    "pk": 1474,
    "fields": {
      "ingredient": 495,
      "recipe": 176,
      "quantity": null
    }
  },
  {
    "model": "app.ingredientrecipe",
    "pk": 1475,
    "fields": {
      "ingredient": 551,
      "recipe": 176,
      "quantity": null
    }
  },
  {
    "model": "app.ingredientrecipe",
    "pk": 1476,
    "fields": {
      "ingredient": 526,
      "recipe": 177,
      "quantity": 30.0
    }
  },
  {
    "model": "app.ingredientrecipe",
    "pk": 1477,
    "fields": {
      "ingredient": 527,
      "recipe": 177,
      "quantity": 15.0
    }
  },
  {
    "model": "app.ingredientrecipe",
    "pk": 1478,
    "fields": {
      "ingredient": 509,
      "recipe": 177,
      "quantity": 0.25
    }
  },
  {
    "model": "app.ingredientrecipe",
    "pk": 1479,
    "fields": {
      "ingredient": 552,
      "recipe": 177,
      "quantity": null
    }
  },
  {
    "model": "app.ingredientrecipe",
    "pk": 1480,
    "fields": {
      "ingredient": 498,
      "recipe": 177,
      "quantity": 3.0
    }
  },
  {
    "model": "app.ingredientrecipe",
    "pk": 1481,
    "fields": {
      "ingredient": 553,
      "recipe": 177,
      "quantity": null
    }
  },
  {
    "model": "app.ingredientrecipe",
    "pk": 1482,
    "fields": {
      "ingredient": 515,
      "recipe": 177,
      "quantity": null
    }
  },
  {
    "model": "app.ingredientrecipe",
    "pk": 1483,
    "fields": {
      "ingredient": 554,
      "recipe": 177,
      "quantity": null
    }
  },
  {
    "model": "app.ingredientrecipe",
    "pk": 1484,
    "fields": {
      "ingredient": 555,
      "recipe": 177,
      "quantity": null
    }
  },
  {
    "model": "app.ingredientrecipe",
    "pk": 1485,
    "fields": {
      "ingredient": 514,
      "recipe": 177,
      "quantity": null
    }
  },
  {
    "model": "app.ingredientrecipe",
    "pk": 1486,
    "fields": {
      "ingredient": 494,
      "recipe": 177,
      "quantity": null
    }
  },
  {
    "model": "app.ingredientrecipe",
    "pk": 1487,
    "fields": {
      "ingredient": 498,
      "recipe": 178,
      "quantity": 1.5
    }
  },
  {
    "model": "app.ingredientrecipe",
    "pk": 1488,
    "fields": {
      "ingredient": 556,
      "recipe": 178,
      "quantity": 0.25
    }
  },
  {
    "model": "app.ingredientrecipe",
    "pk": 1489,
    "fields": {
      "ingredient": 537,
      "recipe": 178,
      "quantity": 1.0
    }
  },
  {
    "model": "app.ingredientrecipe",
    "pk": 1490,
    "fields": {
      "ingredient": 557,
      "recipe": 178,
      "quantity": 12.5
    }
  },
  {
    "model": "app.ingredientrecipe",
    "pk": 1491,
    "fields": {
      "ingredient": 558,
      "recipe": 178,
      "quantity": 0.5
    }
  },
  {
    "model": "app.ingredientrecipe",
    "pk": 1492,
    "fields": {
      "ingredient": 559,
      "recipe": 178,
      "quantity": null
    }
  },
  {
    "model": "app.ingredientrecipe",
    "pk": 1493,
    "fields": {
      "ingredient": 514,
      "recipe": 178,
      "quantity": null
    }
  },
  {
    "model": "app.ingredientrecipe",
    "pk": 1494,
    "fields": {
      "ingredient": 494,
      "recipe": 178,
      "quantity": null
    }
  },
  {
    "model": "app.ingredientrecipe",
    "pk": 1495,
    "fields": {
      "ingredient": 560,
      "recipe": 179,
      "quantity": 0.167
    }
  },
  {
    "model": "app.ingredientrecipe",
    "pk": 1496,
    "fields": {
      "ingredient": 561,
      "recipe": 179,
      "quantity": 41.667
    }
  },
  {
    "model": "app.ingredientrecipe",
    "pk": 1497,
    "fields": {
      "ingredient": 562,
      "recipe": 179,
      "quantity": 10.0
    }
  },
  {
    "model": "app.ingredientrecipe",
    "pk": 1498,
    "fields": {
      "ingredient": 495,
      "recipe": 179,
      "quantity": null
    }
  },
  {
    "model": "app.ingredientrecipe",
    "pk": 1499,
    "fields": {
      "ingredient": 494,
      "recipe": 179,
      "quantity": null
    }
  },
  {
    "model": "app.ingredientrecipe",
    "pk": 1500,
    "fields": {
      "ingredient": 514,
      "recipe": 179,
      "quantity": null
    }
  },
  {
    "model": "app.ingredientrecipe",
    "pk": 1501,
    "fields": {
      "ingredient": 563,
      "recipe": 180,
      "quantity": 1.0
    }
  },
  {
    "model": "app.ingredientrecipe",
    "pk": 1502,
    "fields": {
      "ingredient": 564,
      "recipe": 180,
      "quantity": 0.5
    }
  },
  {
    "model": "app.ingredientrecipe",
    "pk": 1503,
    "fields": {
      "ingredient": 565,
      "recipe": 180,
      "quantity": 0.5
    }
  },
  {
    "model": "app.ingredientrecipe",
    "pk": 1504,
    "fields": {
      "ingredient": 566,
      "recipe": 180,
      "quantity": 37.5
    }
  },
  {
    "model": "app.ingredientrecipe",
    "pk": 1505,
    "fields": {
      "ingredient": 567,
      "recipe": 180,
      "quantity": 0.6
    }
  },
  {
    "model": "app.ingredientrecipe",
    "pk": 1506,
    "fields": {
      "ingredient": 515,
      "recipe": 180,
      "quantity": null
    }
  },
  {
    "model": "app.ingredientrecipe",
    "pk": 1507,
    "fields": {
      "ingredient": 568,
      "recipe": 180,
      "quantity": null
    }
  },
  {
    "model": "app.ingredientrecipe",
    "pk": 1508,
    "fields": {
      "ingredient": 494,
      "recipe": 180,
      "quantity": null
    }
  },
  {
    "model": "app.ingredientrecipe",
    "pk": 1509,
    "fields": {
      "ingredient": 514,
      "recipe": 180,
      "quantity": null
    }
  }
]